nandkk05,b'RT @Jagrati87016003: Dive into new emerging Technolgy.. Future of nation Machine Learning..\n#exploreML \n#DeveloperStudentClubs https://t.co\xe2\x80\xa6'
debalina_de,b'RT @Jagrati87016003: Dive into new emerging Technolgy.. Future of nation Machine Learning..\n#exploreML \n#DeveloperStudentClubs https://t.co\xe2\x80\xa6'
Jagrati87016003,b'Dive into new emerging Technolgy.. Future of nation Machine Learning..\n#exploreML \n#DeveloperStudentClubs https://t.co/cyNuh7XC0B'
frankline_kihiu,b'RT @DscMeru: Explore ML Day 2\xf0\x9f\x94\xa5\xf0\x9f\x94\xa5\nBuilding the future ML engineers.\xf0\x9f\x92\xaa \n\nJoin us and end your Moi Day in style. Happy Moi day fam\xf0\x9f\x87\xb0\xf0\x9f\x87\xaa\xf0\x9f\x87\xb0\xf0\x9f\x87\xaa\n\n#explore\xe2\x80\xa6'
GopinathanAswin,"b'Onlyy.9 hours to go for #ExploreML at Sir M Visvesvaraya Institute of Technology , Bangalore. https://t.co/GejnJAltCz'"
auwalms,b'RT @DscMeru: Explore ML Day 2\xf0\x9f\x94\xa5\xf0\x9f\x94\xa5\nBuilding the future ML engineers.\xf0\x9f\x92\xaa \n\nJoin us and end your Moi Day in style. Happy Moi day fam\xf0\x9f\x87\xb0\xf0\x9f\x87\xaa\xf0\x9f\x87\xb0\xf0\x9f\x87\xaa\n\n#explore\xe2\x80\xa6'
PsePrince,b'RT @dsccgc: Happy faces after successful organisation of #exploreML event.\n#developerstudentclubs\n#dsccgc \n@GoogleDevsIN @Google https://t.\xe2\x80\xa6'
ravii_rana,"b'RT @dsccgc: Machine Learning, an event from the long list of DSC CGC was organised today in Chandigarh Group of Colleges, Landran for these\xe2\x80\xa6'"
PsePrince,b'RT @ravii_rana: Done and dusted with the workshop! Was an honour to facilitate for such young minds ! Looking forward to host another works\xe2\x80\xa6'
GautamS22262354,b'RT @debalina_de: Another amazing workshop under the umbrella of @dsccgc \nMachine learning workshop powered by Google AI\n#exploreML #develop\xe2\x80\xa6'
nandkk05,b'RT @ravii_rana: Done and dusted with the workshop! Was an honour to facilitate for such young minds ! Looking forward to host another works\xe2\x80\xa6'
nandkk05,b'RT @PsePrince: It was really a great session for the ML lovers!\n@ravii_rana keep going bro! \xf0\x9f\x92\xaf\n@parshnt_ all rounder! \xf0\x9f\x92\xaf\n\n#ExploreML #DSC #DS\xe2\x80\xa6'
mark_silla,b'RT @DscMeru: Explore ML Day 2\xf0\x9f\x94\xa5\xf0\x9f\x94\xa5\nBuilding the future ML engineers.\xf0\x9f\x92\xaa \n\nJoin us and end your Moi Day in style. Happy Moi day fam\xf0\x9f\x87\xb0\xf0\x9f\x87\xaa\xf0\x9f\x87\xb0\xf0\x9f\x87\xaa\n\n#explore\xe2\x80\xa6'
PsePrince,"b'RT @dsccgc: Machine Learning, an event from the long list of DSC CGC was organised today in Chandigarh Group of Colleges, Landran for these\xe2\x80\xa6'"
PsePrince,b'It was really a great session for the ML lovers!\n@ravii_rana keep going bro! \xf0\x9f\x92\xaf\n@parshnt_ all rounder! \xf0\x9f\x92\xaf\n\n#ExploreML\xe2\x80\xa6 https://t.co/WvrqT3bdkO'
SteveChacha5,b'RT @DscMeru: Explore ML Day 2\xf0\x9f\x94\xa5\xf0\x9f\x94\xa5\nBuilding the future ML engineers.\xf0\x9f\x92\xaa \n\nJoin us and end your Moi Day in style. Happy Moi day fam\xf0\x9f\x87\xb0\xf0\x9f\x87\xaa\xf0\x9f\x87\xb0\xf0\x9f\x87\xaa\n\n#explore\xe2\x80\xa6'
jadakhushmat_ho,"b'RT @dsccgc: Machine Learning, an event from the long list of DSC CGC was organised today in Chandigarh Group of Colleges, Landran for these\xe2\x80\xa6'"
PsePrince,b'RT @debalina_de: Another amazing workshop under the umbrella of @dsccgc \nMachine learning workshop powered by Google AI\n#exploreML #develop\xe2\x80\xa6'
PsePrince,"b""RT @nandkk05: Today's event on #exploreML by @dsccgc \xf0\x9f\xa5\xb3\xf0\x9f\x94\xa5\n\nGreat session by @ravii_rana \xf0\x9f\x94\xa5\xf0\x9f\x99\x8c https://t.co/d9DiGas9gD"""
DscMeru,b'Explore ML Day 2\xf0\x9f\x94\xa5\xf0\x9f\x94\xa5\nBuilding the future ML engineers.\xf0\x9f\x92\xaa \n\nJoin us and end your Moi Day in style. Happy Moi day fam\xf0\x9f\x87\xb0\xf0\x9f\x87\xaa\xe2\x80\xa6 https://t.co/0uzGrBqUjB'
dsccgc,"b'Machine Learning, an event from the long list of DSC CGC was organised today in Chandigarh Group of Colleges, Landr\xe2\x80\xa6 https://t.co/EwDuqFo0wQ'"
guptamohit_004,"b""Today's workshop on Explore ML.\n#exploreML #developerstudentclubs #dsccgc\n#cgc https://t.co/4NSwtAzv7l"""
ravii_rana,b'Done and dusted with the workshop! Was an honour to facilitate for such young minds ! Looking forward to host anoth\xe2\x80\xa6 https://t.co/Gf0LaNmz83'
Chetansharma270,b'Successful event on #exploreML by @dsccgc \n#developerstudentclubs #dsccgc \n@GoogleDevsIN @GoogleDevExpert https://t.co/nZCmir14fy'
nandkk05,b'RT @namanguptaa_: Explore ML Workshop- DSC-CGC\n#exploreML #developerstudentclubs #machine_learning \n#dsccgc https://t.co/Ll3aliR9Kb'
nandkk05,b'RT @debalina_de: Another amazing workshop under the umbrella of @dsccgc \nMachine learning workshop powered by Google AI\n#exploreML #develop\xe2\x80\xa6'
debalina_de,b'Another amazing workshop under the umbrella of @dsccgc \nMachine learning workshop powered by Google AI\n#exploreML\xe2\x80\xa6 https://t.co/iNg4M9xy6y'
Sir_enjoy1,"b'RT @GoogleDevsIN: If you\xe2\x80\x99re a university student who aspires to learn ML, Facilitator @suryamaithreya1 from Coimbatore Institute of Technol\xe2\x80\xa6'"
parshnt_,"b""RT @nandkk05: Today's event on #exploreML by @dsccgc \xf0\x9f\xa5\xb3\xf0\x9f\x94\xa5\n\nGreat session by @ravii_rana \xf0\x9f\x94\xa5\xf0\x9f\x99\x8c https://t.co/d9DiGas9gD"""
ravii_rana,"b""RT @nandkk05: Today's event on #exploreML by @dsccgc \xf0\x9f\xa5\xb3\xf0\x9f\x94\xa5\n\nGreat session by @ravii_rana \xf0\x9f\x94\xa5\xf0\x9f\x99\x8c https://t.co/d9DiGas9gD"""
nandkk05,"b""Today's event on #exploreML by @dsccgc \xf0\x9f\xa5\xb3\xf0\x9f\x94\xa5\n\nGreat session by @ravii_rana \xf0\x9f\x94\xa5\xf0\x9f\x99\x8c https://t.co/d9DiGas9gD"""
namanguptaa_,b'Explore ML Workshop- DSC-CGC\n#exploreML #developerstudentclubs #machine_learning \n#dsccgc https://t.co/Ll3aliR9Kb'
dsccgc,b'Happy faces after successful organisation of #exploreML event.\n#developerstudentclubs\n#dsccgc \n@GoogleDevsIN @Google https://t.co/W43kusMKHk'
ravii_rana,b'RT @dsccgc: Machine Learning Workshop has began with ML Facilitator Ravi Rana for these amazing young minds!!\n\n@Ravii_rana is on \xf0\x9f\x94\xa5\xf0\x9f\x94\xa5\n\n#Explo\xe2\x80\xa6'
Kunaldh12274205,b'ML workshop \xf0\x9f\x91\x8d\xf0\x9f\x91\x8d\n#ExploreML\n#DSCCGC\n#DSC\n\n@dsccgc https://t.co/r9fNnGtbpH'
RbbSukhRkhe,b'Had a fun in an amazing workshop by Developer Student Clubs.Learnt the basic difference between AI Machine Learning\xe2\x80\xa6 https://t.co/CqHdOevabE'
Pulkit0108Verma,b'Awesome workshop by @ravii_rana on ML.\n@dsccgc \n#ExploreML\n#DSCCGC\n#DSC https://t.co/voCLXYw4MJ'
Kunaldh12274205,b'Attending the awsome ML workshop in cgc coe\n#ExploreML\n#DSCCGC\n#DSC'
nandkk05,b'Machine learning workshop \xf0\x9f\xa4\x96\xe2\x9a\x99\xef\xb8\x8f\xe2\x9a\xa1\n#exploreML #DeveloperStudentClubs #dsccgc @dsccgc @ravii_rana https://t.co/Q8WlJBlFGo'
dsccgc,b'RT @dsccgc: Machine Learning Workshop has began with ML Facilitator Ravi Rana for these amazing young minds!!\n\n@Ravii_rana is on \xf0\x9f\x94\xa5\xf0\x9f\x94\xa5\n\n#Explo\xe2\x80\xa6'
dsccgc,b'Machine Learning Workshop has began with ML Facilitator Ravi Rana for these amazing young minds!!\n\n@Ravii_rana is o\xe2\x80\xa6 https://t.co/nD2I7mLDVL'
KhanShavezahmad,b'RT @inamanmishra04: Explore ML workshop and Google Crowdsource seminar done right!\n#ExploreML @csbygoogle #googlecrowdsource https://t.co/1\xe2\x80\xa6'
ravii_rana,b'#DDay T-2 Hours @dsccgc @GoogleDevsIN #ExploreML https://t.co/BVMAazyAVt'
EstherWhambuoy,b'RT @DscMeru: Just started the Explore ML workshop @MeruUniversity \n#exploreml #DeveloperStudentClubs #DSCSSA #DSCMeru https://t.co/4vlTnGjL\xe2\x80\xa6'
Suryamaithreya1,"b'RT @GoogleDevsIN: If you\xe2\x80\x99re a university student who aspires to learn ML, Facilitator @suryamaithreya1 from Coimbatore Institute of Technol\xe2\x80\xa6'"
gdgmumbai,b'RT @GoogleDevsIN: University students\xf0\x9f\x93\xa2 Here is your chance to be a part of the #ExploreML workshop by a #ML facilitator. You will cover the\xe2\x80\xa6'
nandkk05,b'Be ready \xf0\x9f\x94\xa5\xf0\x9f\x94\xa5 #exploreml #developerstudentclubs #dsc @dsccgc\n@GoogleDevsIN https://t.co/Md08uSdcss'
KediaRasika,"b'RT @GoogleDevsIN: If you\xe2\x80\x99re a university student who aspires to learn ML, Facilitator @suryamaithreya1 from Coimbatore Institute of Technol\xe2\x80\xa6'"
Naushy90,"b'RT @GoogleDevsIN: If you\xe2\x80\x99re a university student who aspires to learn ML, Facilitator @suryamaithreya1 from Coimbatore Institute of Technol\xe2\x80\xa6'"
karthik_padman,"b'RT @GoogleDevsIN: If you\xe2\x80\x99re a university student who aspires to learn ML, Facilitator @suryamaithreya1 from Coimbatore Institute of Technol\xe2\x80\xa6'"
cse_as,"b""RT @Nikkitagandhi: #Bangalore, here's an opportunity for you to #ExploreML\xf0\x9f\x98\x8e https://t.co/4FbCINp5yD"""
_ashutoshsingh5,b'RT @akshi__11: On 04/10/19 I conducted the 2nd session for my beginners track of #ExploreML Academy workshops. We dived deep into the mathe\xe2\x80\xa6'
thepushkarp,b'RT @akshi__11: On 04/10/19 I conducted the 2nd session for my beginners track of #ExploreML Academy workshops. We dived deep into the mathe\xe2\x80\xa6'
neerajrajpuroh2,b'RT @akshi__11: On 04/10/19 I conducted the 2nd session for my beginners track of #ExploreML Academy workshops. We dived deep into the mathe\xe2\x80\xa6'
akshi__11,b'On 04/10/19 I conducted the 2nd session for my beginners track of #ExploreML Academy workshops. We dived deep into\xe2\x80\xa6 https://t.co/UlCHyUcVEA'
KipngetichDenn5,"b""RT @frankline_kihiu: The Quick Draw game \xf0\x9f\x94\xa5\xf0\x9f\x94\xa5 \nSome people's drawings skills are just ''amazing'' \xf0\x9f\x98\x85\xf0\x9f\x98\x85\n#exploreml #DeveloperStudentClubs #DSCMe\xe2\x80\xa6"""
NisheanD,"b'RT @GoogleDevsIN: If you\xe2\x80\x99re a university student who aspires to learn ML, Facilitator @suryamaithreya1 from Coimbatore Institute of Technol\xe2\x80\xa6'"
abhijithneil,"b'RT @GoogleDevsIN: If you\xe2\x80\x99re a university student who aspires to learn ML, Facilitator @suryamaithreya1 from Coimbatore Institute of Technol\xe2\x80\xa6'"
dscnsec,b'RT @khushbooverma_: So glad to successfully facilitate the Beginner track of #ExploreML program! \xe2\x9d\xa4\xef\xb8\x8f Looking forward to the next track!\n@Goo\xe2\x80\xa6'
dscnsec,b'RT @ss_sachinsingla: Completed with the Beginner Track!\xf0\x9f\x99\x8c\nIt really feels great to have touched so many lives through the awesome program.\nM\xe2\x80\xa6'
dscnsec,"b'RT @GoogleDevsIN: If you\xe2\x80\x99re a university student who aspires to learn ML, Facilitator @suryamaithreya1 from Coimbatore Institute of Technol\xe2\x80\xa6'"
ashishrajs,"b'RT @GoogleDevsIN: If you\xe2\x80\x99re a university student who aspires to learn ML, Facilitator @suryamaithreya1 from Coimbatore Institute of Technol\xe2\x80\xa6'"
dscnsec,"b""RT @Nikkitagandhi: #Bangalore, here's an opportunity for you to #ExploreML\xf0\x9f\x98\x8e https://t.co/4FbCINp5yD"""
BibinJohny_,b'@joys_k_mathew @glugmvit @dewanshrawat15 @GoogleDevsIN @RAVIJAINPRO @shadabhusain786 @kerala Sure! One beginner tra\xe2\x80\xa6 https://t.co/lZnFdVB6LG'
saxenakanishk,"b""RT @Nikkitagandhi: #Bangalore, here's an opportunity for you to #ExploreML\xf0\x9f\x98\x8e https://t.co/4FbCINp5yD"""
SteveChacha5,b'It was nice platform where we learnt alot. Big up for the team behind the successation of these great event of expl\xe2\x80\xa6 https://t.co/GMA6OFCgUr'
lyon_mwangi,b'RT @DscMeru: Just started the Explore ML workshop @MeruUniversity \n#exploreml #DeveloperStudentClubs #DSCSSA #DSCMeru https://t.co/4vlTnGjL\xe2\x80\xa6'
atifazeez77,"b'RT @GoogleDevsIN: If you\xe2\x80\x99re a university student who aspires to learn ML, Facilitator @suryamaithreya1 from Coimbatore Institute of Technol\xe2\x80\xa6'"
imShreyasPatil,b'@GoogleDevsIN @RAVIJAINPRO @shadabhusain786 @glugmvit Is there any future plan about hosting #ExploreML in Pune?'
himanshijindgar,b'RT @GoogleDevsIN: University students\xf0\x9f\x93\xa2 Here is your chance to be a part of the #ExploreML workshop by a #ML facilitator. You will cover the\xe2\x80\xa6'
RaghsFremont,"b'RT @GoogleDevsIN: If you\xe2\x80\x99re a university student who aspires to learn ML, Facilitator @suryamaithreya1 from Coimbatore Institute of Technol\xe2\x80\xa6'"
Nikkitagandhi,b'@ss_sachinsingla @GoogleDevsIN @GoogleAI Go Sachin\xf0\x9f\x98\x8e Hit a century of #ExploreML workshops \xf0\x9f\xa5\xb3'
gauravsaha0,b'RT @GoogleDevsIN: University students\xf0\x9f\x93\xa2 Here is your chance to be a part of the #ExploreML workshop by a #ML facilitator. You will cover the\xe2\x80\xa6'
GoogleDevsIN,"b'If you\xe2\x80\x99re a university student who aspires to learn ML, Facilitator @suryamaithreya1 from Coimbatore Institute of T\xe2\x80\xa6 https://t.co/B38VL4ForU'"
Nikkitagandhi,"b""#Bangalore, here's an opportunity for you to #ExploreML\xf0\x9f\x98\x8e https://t.co/4FbCINp5yD"""
innovators_must,"b""RT @frankline_kihiu: The Quick Draw game \xf0\x9f\x94\xa5\xf0\x9f\x94\xa5 \nSome people's drawings skills are just ''amazing'' \xf0\x9f\x98\x85\xf0\x9f\x98\x85\n#exploreml #DeveloperStudentClubs #DSCMe\xe2\x80\xa6"""
SteveChacha5,b'RT @DscMeru: @zaburioba explain the different concepts in Machine Learning.\xf0\x9f\x91\x87\n\xe2\x97\x8fClassification \n\xe2\x97\x8fClustering \n\xe2\x97\x8fRegression \n\xe2\x97\x8fSequence Presentat\xe2\x80\xa6'
udlive,b'RT @DscMeru: Just started the Explore ML workshop @MeruUniversity \n#exploreml #DeveloperStudentClubs #DSCSSA #DSCMeru https://t.co/4vlTnGjL\xe2\x80\xa6'
lyon_mwangi,b'RT @DscMeru: @zaburioba explain the different concepts in Machine Learning.\xf0\x9f\x91\x87\n\xe2\x97\x8fClassification \n\xe2\x97\x8fClustering \n\xe2\x97\x8fRegression \n\xe2\x97\x8fSequence Presentat\xe2\x80\xa6'
EricaKHanson,b'RT @DscMeru: Just started the Explore ML workshop @MeruUniversity \n#exploreml #DeveloperStudentClubs #DSCSSA #DSCMeru https://t.co/4vlTnGjL\xe2\x80\xa6'
ReubenKihiu1,b'RT @frankline_kihiu: We are just starting join us on Thursday this week for more. \n\nThanks to @googledevs @googlestudents &amp; the @DscMeru fa\xe2\x80\xa6'
JeffBil21225507,"b""RT @MeruUniversity: We look forward to hosting the first Explore ML Beginner's Workshop on 8th &amp; 10th October 2019 at our main campus.\n\nMor\xe2\x80\xa6"""
JeffBil21225507,b'RT @DscMeru: @zaburioba explain the different concepts in Machine Learning.\xf0\x9f\x91\x87\n\xe2\x97\x8fClassification \n\xe2\x97\x8fClustering \n\xe2\x97\x8fRegression \n\xe2\x97\x8fSequence Presentat\xe2\x80\xa6'
andie78732475,b'#exploreml #DeveloperStudentClubs #DSCSSA #DSCM happenning at MUST \xf0\x9f\x92\xaf experience is just awesome \xf0\x9f\x92\xa5\xf0\x9f\x92\xa5'
dscimsu,b'RT @DscMeru: Just started the Explore ML workshop @MeruUniversity \n#exploreml #DeveloperStudentClubs #DSCSSA #DSCMeru https://t.co/4vlTnGjL\xe2\x80\xa6'
Ericreal9,b'RT @DscMeru: @zaburioba explain the different concepts in Machine Learning.\xf0\x9f\x91\x87\n\xe2\x97\x8fClassification \n\xe2\x97\x8fClustering \n\xe2\x97\x8fRegression \n\xe2\x97\x8fSequence Presentat\xe2\x80\xa6'
zaburioba,b'RT @DscMeru: Just started the Explore ML workshop @MeruUniversity \n#exploreml #DeveloperStudentClubs #DSCSSA #DSCMeru https://t.co/4vlTnGjL\xe2\x80\xa6'
zaburioba,b'RT @DscMeru: @zaburioba explain the different concepts in Machine Learning.\xf0\x9f\x91\x87\n\xe2\x97\x8fClassification \n\xe2\x97\x8fClustering \n\xe2\x97\x8fRegression \n\xe2\x97\x8fSequence Presentat\xe2\x80\xa6'
Kevahere,b'RT @frankline_kihiu: We are just starting join us on Thursday this week for more. \n\nThanks to @googledevs @googlestudents &amp; the @DscMeru fa\xe2\x80\xa6'
lyon_mwangi,"b""RT @frankline_kihiu: The Quick Draw game \xf0\x9f\x94\xa5\xf0\x9f\x94\xa5 \nSome people's drawings skills are just ''amazing'' \xf0\x9f\x98\x85\xf0\x9f\x98\x85\n#exploreml #DeveloperStudentClubs #DSCMe\xe2\x80\xa6"""
Jescintar,b'RT @DscMeru: @zaburioba explain the different concepts in Machine Learning.\xf0\x9f\x91\x87\n\xe2\x97\x8fClassification \n\xe2\x97\x8fClustering \n\xe2\x97\x8fRegression \n\xe2\x97\x8fSequence Presentat\xe2\x80\xa6'
wayne_gakuo,b'RT @DscMeru: @zaburioba explain the different concepts in Machine Learning.\xf0\x9f\x91\x87\n\xe2\x97\x8fClassification \n\xe2\x97\x8fClustering \n\xe2\x97\x8fRegression \n\xe2\x97\x8fSequence Presentat\xe2\x80\xa6'
frankline_kihiu,b'We are just starting join us on Thursday this week for more. \n\nThanks to @googledevs @googlestudents &amp; the @DscMeru\xe2\x80\xa6 https://t.co/iqQNNDbpoz'
DscMeru,b'@zaburioba explain the different concepts in Machine Learning.\xf0\x9f\x91\x87\n\xe2\x97\x8fClassification \n\xe2\x97\x8fClustering \n\xe2\x97\x8fRegression \n\xe2\x97\x8fSequenc\xe2\x80\xa6 https://t.co/j5nas3oimI'
DscMeru,"b""RT @frankline_kihiu: The Quick Draw game \xf0\x9f\x94\xa5\xf0\x9f\x94\xa5 \nSome people's drawings skills are just ''amazing'' \xf0\x9f\x98\x85\xf0\x9f\x98\x85\n#exploreml #DeveloperStudentClubs #DSCMe\xe2\x80\xa6"""
frankline_kihiu,"b""The Quick Draw game \xf0\x9f\x94\xa5\xf0\x9f\x94\xa5 \nSome people's drawings skills are just ''amazing'' \xf0\x9f\x98\x85\xf0\x9f\x98\x85\n#exploreml #DeveloperStudentClubs\xe2\x80\xa6 https://t.co/nUk9Vx7toy"""
Tunchy83629526,b'#exploreML #dscMeru #developersstudentsclub\nEnjoying machine learning in #meruUniversity Thanks to innovators club\xf0\x9f\x92\xa5\xf0\x9f\x92\xa5'
DscMeru,b'Just started the Explore ML workshop @MeruUniversity \n#exploreml #DeveloperStudentClubs #DSCSSA #DSCMeru https://t.co/4vlTnGjLO5'
nandkk05,b'RT @GoogleDevsIN: University students\xf0\x9f\x93\xa2 Here is your chance to be a part of the #ExploreML workshop by a #ML facilitator. You will cover the\xe2\x80\xa6'
rosh_ray_,b'RT @GoogleDevsIN: University students\xf0\x9f\x93\xa2 Here is your chance to be a part of the #ExploreML workshop by a #ML facilitator. You will cover the\xe2\x80\xa6'
dscuietmdu,"b""Hi there!\xf0\x9f\x98\x80\nWe're excited to bring Google's Explore ML to our college. This program is intended for those who wish t\xe2\x80\xa6 https://t.co/dCF8Oxdd7l"""
ashishrajs,b'RT @GoogleDevsIN: University students\xf0\x9f\x93\xa2 Here is your chance to be a part of the #ExploreML workshop by a #ML facilitator. You will cover the\xe2\x80\xa6'
Prakhar67992930,b'RT @Nikkitagandhi: Best of #ExploreML at #TFRoadshow \xf0\x9f\x98\x8e https://t.co/4jb13OKGJU'
GDGCochin,b'RT @GoogleDevsIN: University students\xf0\x9f\x93\xa2 Here is your chance to be a part of the #ExploreML workshop by a #ML facilitator. You will cover the\xe2\x80\xa6'
praj_22,b'RT @GoogleDevsIN: University students\xf0\x9f\x93\xa2 Here is your chance to be a part of the #ExploreML workshop by a #ML facilitator. You will cover the\xe2\x80\xa6'
kartik_derasari,"b'Think. Build. Innovate.\nCheck out for the everyday problems you face and try brainstorming it and, building a solut\xe2\x80\xa6 https://t.co/N3KME32Xli'"
karthik_padman,b'RT @GoogleDevsIN: University students\xf0\x9f\x93\xa2 Here is your chance to be a part of the #ExploreML workshop by a #ML facilitator. You will cover the\xe2\x80\xa6'
RohitKhirraiyya,b'RT @GoogleDevsIN: University students\xf0\x9f\x93\xa2 Here is your chance to be a part of the #ExploreML workshop by a #ML facilitator. You will cover the\xe2\x80\xa6'
prasannavijayan,b'RT @GoogleDevsIN: University students\xf0\x9f\x93\xa2 Here is your chance to be a part of the #ExploreML workshop by a #ML facilitator. You will cover the\xe2\x80\xa6'
kavinrajuS,b'RT @GoogleDevsIN: University students\xf0\x9f\x93\xa2 Here is your chance to be a part of the #ExploreML workshop by a #ML facilitator. You will cover the\xe2\x80\xa6'
ss_sachinsingla,b'Completed with the Beginner Track!\xf0\x9f\x99\x8c\nIt really feels great to have touched so many lives through the awesome program\xe2\x80\xa6 https://t.co/HZTlNY4Le0'
StalwartCoder,b'RT @GoogleDevsIN: University students\xf0\x9f\x93\xa2 Here is your chance to be a part of the #ExploreML workshop by a #ML facilitator. You will cover the\xe2\x80\xa6'
GDGChennai,b'RT @GoogleDevsIN: University students\xf0\x9f\x93\xa2 Here is your chance to be a part of the #ExploreML workshop by a #ML facilitator. You will cover the\xe2\x80\xa6'
wtmchennai,b'RT @GoogleDevsIN: University students\xf0\x9f\x93\xa2 Here is your chance to be a part of the #ExploreML workshop by a #ML facilitator. You will cover the\xe2\x80\xa6'
dntandan,b'RT @GoogleDevsIN: University students\xf0\x9f\x93\xa2 Here is your chance to be a part of the #ExploreML workshop by a #ML facilitator. You will cover the\xe2\x80\xa6'
PraveenPal4232,b'RT @GoogleDevsIN: University students\xf0\x9f\x93\xa2 Here is your chance to be a part of the #ExploreML workshop by a #ML facilitator. You will cover the\xe2\x80\xa6'
toplars,b'RT @GoogleDevsIN: University students\xf0\x9f\x93\xa2 Here is your chance to be a part of the #ExploreML workshop by a #ML facilitator. You will cover the\xe2\x80\xa6'
sandhya3198,"b""So glad to have found all these amazing people through the Google #exploreML  program! :) \nHere's to learning and g\xe2\x80\xa6 https://t.co/WaHTBimdeg"""
Hersh257,b'RT @GoogleDevsIN: University students\xf0\x9f\x93\xa2 Here is your chance to be a part of the #ExploreML workshop by a #ML facilitator. You will cover the\xe2\x80\xa6'
_aatikakhan_,b'RT @GoogleDevsIN: University students\xf0\x9f\x93\xa2 Here is your chance to be a part of the #ExploreML workshop by a #ML facilitator. You will cover the\xe2\x80\xa6'
thisisrahulnaya,b'RT @GoogleDevsIN: University students\xf0\x9f\x93\xa2 Here is your chance to be a part of the #ExploreML workshop by a #ML facilitator. You will cover the\xe2\x80\xa6'
phreakyphoenix,b'Huge #shoutout to the entire #ExploreML Team for initiating the program and organizing the initiatives with such\xe2\x80\xa6 https://t.co/pTrTAGTzqz'
chaitanya101010,b'RT @GoogleDevsIN: University students\xf0\x9f\x93\xa2 Here is your chance to be a part of the #ExploreML workshop by a #ML facilitator. You will cover the\xe2\x80\xa6'
cse_as,b'RT @GoogleDevsIN: University students\xf0\x9f\x93\xa2 Here is your chance to be a part of the #ExploreML workshop by a #ML facilitator. You will cover the\xe2\x80\xa6'
JaldeepAsodariy,b'RT @GoogleDevsIN: University students\xf0\x9f\x93\xa2 Here is your chance to be a part of the #ExploreML workshop by a #ML facilitator. You will cover the\xe2\x80\xa6'
MadhukeshD,b'RT @GoogleDevsIN: University students\xf0\x9f\x93\xa2 Here is your chance to be a part of the #ExploreML workshop by a #ML facilitator. You will cover the\xe2\x80\xa6'
shadabhusain786,b'RT @GoogleDevsIN: University students\xf0\x9f\x93\xa2 Here is your chance to be a part of the #ExploreML workshop by a #ML facilitator. You will cover the\xe2\x80\xa6'
GoogleDevsIN,b'University students\xf0\x9f\x93\xa2 Here is your chance to be a part of the #ExploreML workshop by a #ML facilitator. You will cov\xe2\x80\xa6 https://t.co/x09s5AE0o8'
Calcaware,b'RT @khushbooverma_: So glad to successfully facilitate the Beginner track of #ExploreML program! \xe2\x9d\xa4\xef\xb8\x8f Looking forward to the next track!\n@Goo\xe2\x80\xa6'
khushbooverma_,b'So glad to successfully facilitate the Beginner track of #ExploreML program! \xe2\x9d\xa4\xef\xb8\x8f Looking forward to the next track!\xe2\x80\xa6 https://t.co/v9OLfTOntA'
EzekiasBokove,b'RT @MarvellousChir2: Its amazing how my fellow students are really interested in #ExploreML \n\n@auwalms @aniediudo @EricaKHanson https://t.c\xe2\x80\xa6'
auwalms,b'RT @MarvellousChir2: Its amazing how my fellow students are really interested in #ExploreML \n\n@auwalms @aniediudo @EricaKHanson https://t.c\xe2\x80\xa6'
MarvellousChir2,b'Its amazing how my fellow students are really interested in #ExploreML \n\n@auwalms @aniediudo @EricaKHanson https://t.co/RdWw7zGnNJ'
phreakyphoenix,b'#exploreml #googleai session at @DrMGRuniversity with Rakesh Asapanna. \xf0\x9f\x94\xa5\nIt was a pleasure meeting @pingrishabh and\xe2\x80\xa6 https://t.co/NOiVvACoSV'
phreakyphoenix,b'This was my first time conducting an #googleai #exploreml event outside my campus and it was a delightful experienc\xe2\x80\xa6 https://t.co/uXuQPs68TI'
phreakyphoenix,"b'Humbled and honored to have facilitated a #googleai #exploreml #Academy with Rakesh at MGR Institute in Chennai,\xe2\x80\xa6 https://t.co/htewkLelui'"
pogakuofie,"b""RT @frankline_kihiu: Join us as we hold our first Explore ML workshop for Beginners\xf0\x9f\x94\xa5\xf0\x9f\x94\xa5\n@DscMeru ML team let's meet on Tuesday at TB 03 @Meru\xe2\x80\xa6"""
TFNairobi,"b""RT @paulonteri: Had an amazing time facilitating the first Google #exploreml workshop in my university. \n\nWe explored Machine Learning, it'\xe2\x80\xa6"""
auwalms,b'RT @MarvellousChir2: @auwalms @aniediudo @EricaKHanson Thank you for the work you do. #DeveloperStudentClubs is truly a landmark of impact.\xe2\x80\xa6'
MarvellousChir2,b'@auwalms @aniediudo @EricaKHanson Thank you for the work you do. #DeveloperStudentClubs is truly a landmark of impa\xe2\x80\xa6 https://t.co/YLOI2c1YXD'
SharonKemunto1,"b""RT @paulonteri: Had an amazing time facilitating the first Google #exploreml workshop in my university. \n\nWe explored Machine Learning, it'\xe2\x80\xa6"""
lyon_mwangi,"b""RT @DscMeru: We\xe2\x80\x99re excited to bring Google's Explore ML to @MeruUniversity. \nThis program is intended for those who wish to learn ML from a\xe2\x80\xa6"""
Emmanuel_Watta,"b""RT @paulonteri: Had an amazing time facilitating the first Google #exploreml workshop in my university. \n\nWe explored Machine Learning, it'\xe2\x80\xa6"""
hashtagcharu,b'RT @inamanmishra04: Explore ML workshop and Google Crowdsource seminar done right!\n#ExploreML @csbygoogle #googlecrowdsource https://t.co/1\xe2\x80\xa6'
inamanmishra04,b'Explore ML workshop and Google Crowdsource seminar done right!\n#ExploreML @csbygoogle #googlecrowdsource https://t.co/1UX6Yth3sp'
Suryamaithreya1,"b'It was a great day of learning from the TensorFlow developers itself. Tensorflow 2.0 was awesome, its implementatio\xe2\x80\xa6 https://t.co/wzeWwGGpPV'"
RTHyderabad,b'RT @Suryamaithreya1: Being a part of Google AI Explore ML has truly been an awesome experience. It was great meeting like-minded students w\xe2\x80\xa6'
Suryamaithreya1,b'Being a part of Google AI Explore ML has truly been an awesome experience. It was great meeting like-minded student\xe2\x80\xa6 https://t.co/PZsSGWIbhJ'
tanyamubobo,b'Workshop was awesome \xf0\x9f\x94\xa5\xf0\x9f\x94\xa5\xf0\x9f\x94\xa5\xf0\x9f\x94\xa5 @dsc-msu-zim @MarvellousChir2 #ExploreML #DSCMSU'
tanyamubobo,b'RT @tanyamubobo: @dsc_msu_zim \n#ExploreML\n#DSC\n#DSCSSA\n\nMACHINE LEARNING WORKSHOP IN PROGRESS!!'
Suryamaithreya1,b'RT @Nikkitagandhi: Best of #ExploreML at #TFRoadshow \xf0\x9f\x98\x8e https://t.co/4jb13OKGJU'
patrick_zvenyka,b'RT @Mushambadzii: Had a great time facilitating #ExploreML workshop today with @MarvellousChir2 at #DSCMSU\n\nSpoke on Neural Networks and ho\xe2\x80\xa6'
wayne_gakuo,"b""RT @dsc_cuea: And that's a wrap for our first #exploreml session.\xf0\x9f\x98\x80\n\nML is everywhere. Every industry vertical is getting impacted by ML. We\xe2\x80\xa6"""
patrick_zvenyka,"b'RT @patrick_zvenyka: So today, we had our second session. Basically l am very exited, to be honest to be in #DSC means a lot to me and l ha\xe2\x80\xa6'"
patrick_zvenyka,"b'So today, we had our second session. Basically l am very exited, to be honest to be in #DSC means a lot to me and l\xe2\x80\xa6 https://t.co/eTfdeyHpCp'"
divym_choudhary,b'Fantastic!\n#ExploreML https://t.co/TE4P21o7Tw'
thecraftman_,"b""RT @dsc_cuea: And that's a wrap for our first #exploreml session.\xf0\x9f\x98\x80\n\nML is everywhere. Every industry vertical is getting impacted by ML. We\xe2\x80\xa6"""
etonotieno,"b""RT @paulonteri: Had an amazing time facilitating the first Google #exploreml workshop in my university. \n\nWe explored Machine Learning, it'\xe2\x80\xa6"""
VuyanziG,"b""RT @dsc_cuea: And that's a wrap for our first #exploreml session.\xf0\x9f\x98\x80\n\nML is everywhere. Every industry vertical is getting impacted by ML. We\xe2\x80\xa6"""
MSUHubZW,b'RT @Mushambadzii: Had a great time facilitating #ExploreML workshop today with @MarvellousChir2 at #DSCMSU\n\nSpoke on Neural Networks and ho\xe2\x80\xa6'
Emmanuel_Watta,"b""RT @dsc_cuea: And that's a wrap for our first #exploreml session.\xf0\x9f\x98\x80\n\nML is everywhere. Every industry vertical is getting impacted by ML. We\xe2\x80\xa6"""
tessy_muiruri,"b""RT @dsc_cuea: And that's a wrap for our first #exploreml session.\xf0\x9f\x98\x80\n\nML is everywhere. Every industry vertical is getting impacted by ML. We\xe2\x80\xa6"""
tessy_muiruri,"b""RT @paulonteri: Had an amazing time facilitating the first Google #exploreml workshop in my university. \n\nWe explored Machine Learning, it'\xe2\x80\xa6"""
JeremiahKamama,"b""RT @dsc_cuea: And that's a wrap for our first #exploreml session.\xf0\x9f\x98\x80\n\nML is everywhere. Every industry vertical is getting impacted by ML. We\xe2\x80\xa6"""
JeremiahKamama,"b""RT @paulonteri: Had an amazing time facilitating the first Google #exploreml workshop in my university. \n\nWe explored Machine Learning, it'\xe2\x80\xa6"""
gailwairimu,"b""RT @paulonteri: Had an amazing time facilitating the first Google #exploreml workshop in my university. \n\nWe explored Machine Learning, it'\xe2\x80\xa6"""
dsc_cuea,"b""RT @paulonteri: Had an amazing time facilitating the first Google #exploreml workshop in my university. \n\nWe explored Machine Learning, it'\xe2\x80\xa6"""
paulonteri,b'Had an amazing time facilitating the first Google #exploreml workshop in my university. \n\nWe explored Machine Learn\xe2\x80\xa6 https://t.co/sC1L3Ovheh'
Mushambadzii,b'Had a great time facilitating #ExploreML workshop today with @MarvellousChir2 at #DSCMSU\n\nSpoke on Neural Networks\xe2\x80\xa6 https://t.co/ILA7Sq9bjN'
Iam___groot,b'We had an interesting session today learning about neural networks. It was lit\xf0\x9f\x94\xa5\xf0\x9f\x94\xa5 cant wait for other sessions..\xe2\x80\xa6 https://t.co/dtEoZtLsJN'
paulonteri,"b""RT @dsc_cuea: And that's a wrap for our first #exploreml session.\xf0\x9f\x98\x80\n\nML is everywhere. Every industry vertical is getting impacted by ML. We\xe2\x80\xa6"""
gailwairimu,"b""RT @dsc_cuea: And that's a wrap for our first #exploreml session.\xf0\x9f\x98\x80\n\nML is everywhere. Every industry vertical is getting impacted by ML. We\xe2\x80\xa6"""
dsc_cuea,"b""And that's a wrap for our first #exploreml session.\xf0\x9f\x98\x80\n\nML is everywhere. Every industry vertical is getting impacted\xe2\x80\xa6 https://t.co/PMNDp2YOv3"""
neerajrajpuroh2,"b'RT @akshi__11: As a Google Explore ML Academy Student Facilitator, I organized my first session for the #ExploreML workshops. We witnessed\xe2\x80\xa6'"
_ashutoshsingh5,"b'RT @akshi__11: As a Google Explore ML Academy Student Facilitator, I organized my first session for the #ExploreML workshops. We witnessed\xe2\x80\xa6'"
thepushkarp,"b'RT @akshi__11: As a Google Explore ML Academy Student Facilitator, I organized my first session for the #ExploreML workshops. We witnessed\xe2\x80\xa6'"
shutterclosed,"b'RT @GoogleDevsIN: Over the last 3 months, we trained 130 university students from across India to be excellent #ML facilitators. Now, throu\xe2\x80\xa6'"
tripathiuttam,"b'RT @GoogleDevsIN: Over the last 3 months, we trained 130 university students from across India to be excellent #ML facilitators. Now, throu\xe2\x80\xa6'"
ayushshekhar17,"b'RT @Nikkitagandhi: They say the ""Future is ML"". #ExploreML team is ready to help more and more students understand ML and help more ideas c\xe2\x80\xa6'"
VuyanziG,"b""RT @MarvellousChir2: I'm very excited to have DSC MSU bring Google's Explore ML to our university! Join us in learning ML from a practical,\xe2\x80\xa6"""
dsccgc,"b'RT @GoogleDevsIN: Over the last 3 months, we trained 130 university students from across India to be excellent #ML facilitators. Now, throu\xe2\x80\xa6'"
Madhuragj,"b'RT @Nikkitagandhi: They say the ""Future is ML"". #ExploreML team is ready to help more and more students understand ML and help more ideas c\xe2\x80\xa6'"
mlkywayx,"b'RT @GoogleDevsIN: Over the last 3 months, we trained 130 university students from across India to be excellent #ML facilitators. Now, throu\xe2\x80\xa6'"
ss_sachinsingla,"b'RT @GoogleDevsIN: Over the last 3 months, we trained 130 university students from across India to be excellent #ML facilitators. Now, throu\xe2\x80\xa6'"
ayushb_tweets,b'@GoogleDevsIN @ShivamRaiSharma When is the next #ExploreML program gonna start\xf0\x9f\x99\x88?'
xprilion,"b'RT @Nikkitagandhi: They say the ""Future is ML"". #ExploreML team is ready to help more and more students understand ML and help more ideas c\xe2\x80\xa6'"
dhruvhimself,"b""For me it's been an amazing opportunity to be a part of this awesome program and help student explore the amazing w\xe2\x80\xa6 https://t.co/EJeLi6Ib8x"""
MarvellousChir2,"b'RT @Nikkitagandhi: They say the ""Future is ML"". #ExploreML team is ready to help more and more students understand ML and help more ideas c\xe2\x80\xa6'"
nandkk05,"b'RT @GoogleDevsIN: Over the last 3 months, we trained 130 university students from across India to be excellent #ML facilitators. Now, throu\xe2\x80\xa6'"
abhijithneil,"b'RT @Nikkitagandhi: They say the ""Future is ML"". #ExploreML team is ready to help more and more students understand ML and help more ideas c\xe2\x80\xa6'"
Nikkitagandhi,"b'They say the ""Future is ML"". #ExploreML team is ready to help more and more students understand ML and help more id\xe2\x80\xa6 https://t.co/T0qs5u7GNR'"
elviric,b'@GoogleDevsIN @ShivamRaiSharma I want to learn. How do i get started with #ExploreML?'
mangalsanidhya,"b'RT @GoogleDevsIN: Over the last 3 months, we trained 130 university students from across India to be excellent #ML facilitators. Now, throu\xe2\x80\xa6'"
anand_topu,"b'RT @GoogleDevsIN: Over the last 3 months, we trained 130 university students from across India to be excellent #ML facilitators. Now, throu\xe2\x80\xa6'"
Lokesh0806,"b'RT @GoogleDevsIN: Over the last 3 months, we trained 130 university students from across India to be excellent #ML facilitators. Now, throu\xe2\x80\xa6'"
RohitKhirraiyya,"b'RT @GoogleDevsIN: Over the last 3 months, we trained 130 university students from across India to be excellent #ML facilitators. Now, throu\xe2\x80\xa6'"
rahulmahesh62,"b'RT @GoogleDevsIN: Over the last 3 months, we trained 130 university students from across India to be excellent #ML facilitators. Now, throu\xe2\x80\xa6'"
Nikhil_Bhat06,"b'RT @GoogleDevsIN: Over the last 3 months, we trained 130 university students from across India to be excellent #ML facilitators. Now, throu\xe2\x80\xa6'"
sanjaytharagesh,"b'RT @GoogleDevsIN: Over the last 3 months, we trained 130 university students from across India to be excellent #ML facilitators. Now, throu\xe2\x80\xa6'"
Bspurohit006,"b'RT @GoogleDevsIN: Over the last 3 months, we trained 130 university students from across India to be excellent #ML facilitators. Now, throu\xe2\x80\xa6'"
SEINETofficial,"b'RT @GoogleDevsIN: Over the last 3 months, we trained 130 university students from across India to be excellent #ML facilitators. Now, throu\xe2\x80\xa6'"
avi_my_name,"b'RT @GoogleDevsIN: Over the last 3 months, we trained 130 university students from across India to be excellent #ML facilitators. Now, throu\xe2\x80\xa6'"
BigramPoetry,b'A Bigram Poem inspired by khushbooverma_:\n Glad to \n to be \n be a \n a part \n part of \n of #ExploreML \n #ExploreML p\xe2\x80\xa6 https://t.co/MHqWrPtpzy'
Suryamaithreya1,"b'RT @GoogleDevsIN: Over the last 3 months, we trained 130 university students from across India to be excellent #ML facilitators. Now, throu\xe2\x80\xa6'"
AnkitaPrakash15,"b'RT @GoogleDevsIN: Over the last 3 months, we trained 130 university students from across India to be excellent #ML facilitators. Now, throu\xe2\x80\xa6'"
Arshitabhatt,"b'RT @GoogleDevsIN: Over the last 3 months, we trained 130 university students from across India to be excellent #ML facilitators. Now, throu\xe2\x80\xa6'"
inamanmishra04,"b'RT @GoogleDevsIN: Over the last 3 months, we trained 130 university students from across India to be excellent #ML facilitators. Now, throu\xe2\x80\xa6'"
abhijithneil,"b'RT @GoogleDevsIN: Over the last 3 months, we trained 130 university students from across India to be excellent #ML facilitators. Now, throu\xe2\x80\xa6'"
PrateekSinghINC,"b'RT @GoogleDevsIN: Over the last 3 months, we trained 130 university students from across India to be excellent #ML facilitators. Now, throu\xe2\x80\xa6'"
evanstwish,"b""RT @MeruUniversity: We look forward to hosting the first Explore ML Beginner's Workshop on 8th &amp; 10th October 2019 at our main campus.\n\nMor\xe2\x80\xa6"""
Kevahere,"b""RT @MeruUniversity: We look forward to hosting the first Explore ML Beginner's Workshop on 8th &amp; 10th October 2019 at our main campus.\n\nMor\xe2\x80\xa6"""
GoogleDevsIN,"b'Over the last 3 months, we trained 130 university students from across India to be excellent #ML facilitators. Now,\xe2\x80\xa6 https://t.co/TofPOr3bcn'"
frankline_kihiu,"b""RT @MeruUniversity: We look forward to hosting the first Explore ML Beginner's Workshop on 8th &amp; 10th October 2019 at our main campus.\n\nMor\xe2\x80\xa6"""
DscMeru,"b""RT @MeruUniversity: We look forward to hosting the first Explore ML Beginner's Workshop on 8th &amp; 10th October 2019 at our main campus.\n\nMor\xe2\x80\xa6"""
MeruUniversity,"b""We look forward to hosting the first Explore ML Beginner's Workshop on 8th &amp; 10th October 2019 at our main campus.\xe2\x80\xa6 https://t.co/xDxBvRRPIH"""
Bspurohit006,"b""RT @Nikkitagandhi: And that's a wrap for #ExploreML Academies in India. I had an opportunity to work with an amazing set of speakers and in\xe2\x80\xa6"""
akshi__11,"b'As a Google Explore ML Academy Student Facilitator, I organized my first session for the #ExploreML workshops. We w\xe2\x80\xa6 https://t.co/RQlj5pWwG3'"
auwalms,"b""RT @DscMeru: We\xe2\x80\x99re excited to bring Google's Explore ML to @MeruUniversity. \nThis program is intended for those who wish to learn ML from a\xe2\x80\xa6"""
lyon_mwangi,"b""RT @frankline_kihiu: Join us as we hold our first Explore ML workshop for Beginners\xf0\x9f\x94\xa5\xf0\x9f\x94\xa5\n@DscMeru ML team let's meet on Tuesday at TB 03 @Meru\xe2\x80\xa6"""
zaburioba,"b""RT @frankline_kihiu: Join us as we hold our first Explore ML workshop for Beginners\xf0\x9f\x94\xa5\xf0\x9f\x94\xa5\n@DscMeru ML team let's meet on Tuesday at TB 03 @Meru\xe2\x80\xa6"""
frankline_kihiu,b'RT @DscMeru: RSVP using this link\nhttps://t.co/v7Zm1y68Xg\n\n#exploreml #DeveloperStudentClubs #DSCMeru'
thepushkarp,"b'RT @_ashutoshsingh5: The lab is jam packed for #ML workshop using @qwiklabs, sponsored by Google \n#ExploreML #DeveloperStudentClubs https:/\xe2\x80\xa6'"
frankline_kihiu,"b""Join us as we hold our first Explore ML workshop for Beginners\xf0\x9f\x94\xa5\xf0\x9f\x94\xa5\n@DscMeru ML team let's meet on Tuesday at TB 03\xe2\x80\xa6 https://t.co/MtPAxQpWZh"""
DscMeru,b'RSVP using this link\nhttps://t.co/v7Zm1y68Xg\n\n#exploreml #DeveloperStudentClubs #DSCMeru'
DscMeru,"b""We\xe2\x80\x99re excited to bring Google's Explore ML to @MeruUniversity. \nThis program is intended for those who wish to lear\xe2\x80\xa6 https://t.co/qSsHslSwte"""
citclubmmu,b'RT @DSC_MMU: We successful hosted the first workshop of @GoogleAI #ExploreML.  This program is intended for those who wish to learn ML from\xe2\x80\xa6'
nevoh3,b'RT @DSC_MMU: We successful hosted the first workshop of @GoogleAI #ExploreML.  This program is intended for those who wish to learn ML from\xe2\x80\xa6'
aniediudo,"b""RT @MarvellousChir2: I'm very excited to have DSC MSU bring Google's Explore ML to our university! Join us in learning ML from a practical,\xe2\x80\xa6"""
tanyamubobo,b'@dsc_msu_zim \n#ExploreML\n#DSC\n#DSCSSA\n\nMACHINE LEARNING WORKSHOP IN PROGRESS!!'
_ashutoshsingh5,"b'The lab is jam packed for #ML workshop using @qwiklabs, sponsored by Google \n#ExploreML #DeveloperStudentClubs https://t.co/wjiY5DdWX8'"
thepushkarp,b'I made these six doodles. A neural network guessed all of them correctly. https://t.co/6NS3JIypfc\n\n#ExploreML #DeveloperStudentClubs'
Mushambadzii,"b""RT @MarvellousChir2: I'm very excited to have DSC MSU bring Google's Explore ML to our university! Join us in learning ML from a practical,\xe2\x80\xa6"""
auwalms,"b""RT @MarvellousChir2: I'm very excited to have DSC MSU bring Google's Explore ML to our university! Join us in learning ML from a practical,\xe2\x80\xa6"""
chinyavadav,"b""RT @MarvellousChir2: I'm very excited to have DSC MSU bring Google's Explore ML to our university! Join us in learning ML from a practical,\xe2\x80\xa6"""
MarvellousChir2,"b""I'm very excited to have DSC MSU bring Google's Explore ML to our university! Join us in learning ML from a practic\xe2\x80\xa6 https://t.co/51WK6BmLmJ"""
Tamu21181601,"b""RT @Tamu21181601: Hi there!\xf0\x9f\x98\x80\n\nWe're excited to bring Google's Explore ML to our college. This program is intended for those who wish to lea\xe2\x80\xa6"""
Tamu21181601,"b""Hi there!\xf0\x9f\x98\x80\n\nWe're excited to bring Google's Explore ML to our college. This program is intended for those who wish\xe2\x80\xa6 https://t.co/PwhtVu9SC2"""
sumit1987lives,b'Wonderful opportunity to learn ML #ExploreML #TFRoadshow https://t.co/CVYHScH5hn'
shivampkumar,b'RT @Nikkitagandhi: Best of #ExploreML at #TFRoadshow \xf0\x9f\x98\x8e https://t.co/4jb13OKGJU'
wayne_gakuo,b'RT @DSC_MMU: We successful hosted the first workshop of @GoogleAI #ExploreML.  This program is intended for those who wish to learn ML from\xe2\x80\xa6'
VictorOmondi197,b'RT @DSC_MMU: We successful hosted the first workshop of @GoogleAI #ExploreML.  This program is intended for those who wish to learn ML from\xe2\x80\xa6'
DSC_MMU,b'We successful hosted the first workshop of @GoogleAI #ExploreML.  This program is intended for those who wish to le\xe2\x80\xa6 https://t.co/ozRnZTM5xD'
abhijithneil,b'RT @Nikkitagandhi: Best of #ExploreML at #TFRoadshow \xf0\x9f\x98\x8e https://t.co/4jb13OKGJU'
iyer_tech97,b'RT @Nikkitagandhi: Best of #ExploreML at #TFRoadshow \xf0\x9f\x98\x8e https://t.co/4jb13OKGJU'
